{
    "animations": [
        {
            "loop": true,
            "anim": "idle",
            "name": "soft_pico hair blow CAR",
            "indices": [],
            "fps": 24,
            "offsets": [
                0,
                0
            ]
        }
    ],
    "no_antialiasing": false,
    "image": "characters/Rokusho_Car_Assets",
    "position": [
        0,
        180
    ],
    "healthicon": "rokusho",
    "flip_x": false,
    "healthbar_colors": [
        176,
        179,
        183
    ],
    "camera_position": [
        0,
        0
    ],
    "sing_duration": 4,
    "scale": 1
}