﻿<?xml version="1.0" encoding="utf-8"?>
<TextureAtlas imagePath="Rokusho_Pico_Assets.png">
	<!-- Created with Adobe Animate version 20.5.0.29329 -->
	<!-- http://www.adobe.com/products/animate.html -->
	<SubTexture name="GF Cheer0000" x="0" y="0" width="864" height="413" frameX="-8" frameY="0" frameWidth="872" frameHeight="413"/>
	<SubTexture name="GF Cheer0001" x="869" y="0" width="872" height="413"/>
	<SubTexture name="GF Cheer0002" x="1746" y="0" width="872" height="408" frameX="0" frameY="-5" frameWidth="872" frameHeight="413"/>
	<SubTexture name="GF Cheer0003" x="2623" y="0" width="864" height="408" frameX="-8" frameY="-5" frameWidth="872" frameHeight="413"/>
	<SubTexture name="GF Cheer0004" x="3492" y="0" width="864" height="410" frameX="-8" frameY="-3" frameWidth="872" frameHeight="413"/>
	<SubTexture name="GF Cheer0005" x="3492" y="0" width="864" height="410" frameX="-8" frameY="-3" frameWidth="872" frameHeight="413"/>
	<SubTexture name="GF Cheer0006" x="4361" y="0" width="864" height="409" frameX="-8" frameY="-4" frameWidth="872" frameHeight="413"/>
	<SubTexture name="GF Cheer0007" x="4361" y="0" width="864" height="409" frameX="-8" frameY="-4" frameWidth="872" frameHeight="413"/>
	<SubTexture name="GF Cheer0008" x="4361" y="0" width="864" height="409" frameX="-8" frameY="-4" frameWidth="872" frameHeight="413"/>
	<SubTexture name="GF Cheer0009" x="4361" y="0" width="864" height="409" frameX="-8" frameY="-4" frameWidth="872" frameHeight="413"/>
	<SubTexture name="GF Cheer0010" x="4361" y="0" width="864" height="409" frameX="-8" frameY="-4" frameWidth="872" frameHeight="413"/>
	<SubTexture name="GF Cheer0011" x="4361" y="0" width="864" height="409" frameX="-8" frameY="-4" frameWidth="872" frameHeight="413"/>
	<SubTexture name="GF Cheer0012" x="4361" y="0" width="864" height="409" frameX="-8" frameY="-4" frameWidth="872" frameHeight="413"/>
	<SubTexture name="GF Cheer0013" x="4361" y="0" width="864" height="409" frameX="-8" frameY="-4" frameWidth="872" frameHeight="413"/>
	<SubTexture name="GF Cheer0014" x="4361" y="0" width="864" height="409" frameX="-8" frameY="-4" frameWidth="872" frameHeight="413"/>
	<SubTexture name="GF Cheer0015" x="4361" y="0" width="864" height="409" frameX="-8" frameY="-4" frameWidth="872" frameHeight="413"/>
	<SubTexture name="GF Cheer0016" x="4361" y="0" width="864" height="409" frameX="-8" frameY="-4" frameWidth="872" frameHeight="413"/>
	<SubTexture name="GF Cheer0017" x="4361" y="0" width="864" height="409" frameX="-8" frameY="-4" frameWidth="872" frameHeight="413"/>
	<SubTexture name="GF Cheer0018" x="4361" y="0" width="864" height="409" frameX="-8" frameY="-4" frameWidth="872" frameHeight="413"/>
	<SubTexture name="GF Cheer0019" x="4361" y="0" width="864" height="409" frameX="-8" frameY="-4" frameWidth="872" frameHeight="413"/>
	<SubTexture name="GF Cheer0020" x="4361" y="0" width="864" height="409" frameX="-8" frameY="-4" frameWidth="872" frameHeight="413"/>
	<SubTexture name="GF Cheer0021" x="4361" y="0" width="864" height="409" frameX="-8" frameY="-4" frameWidth="872" frameHeight="413"/>
	<SubTexture name="GF Cheer0022" x="4361" y="0" width="864" height="409" frameX="-8" frameY="-4" frameWidth="872" frameHeight="413"/>
	<SubTexture name="GF Cheer0023" x="4361" y="0" width="864" height="409" frameX="-8" frameY="-4" frameWidth="872" frameHeight="413"/>
	<SubTexture name="GF Cheer0024" x="4361" y="0" width="864" height="409" frameX="-8" frameY="-4" frameWidth="872" frameHeight="413"/>
	<SubTexture name="GF Cheer0025" x="4361" y="0" width="864" height="409" frameX="-8" frameY="-4" frameWidth="872" frameHeight="413"/>
	<SubTexture name="GF Dancing Beat0000" x="5230" y="0" width="864" height="386" frameX="-8" frameY="-10" frameWidth="872" frameHeight="396"/>
	<SubTexture name="GF Dancing Beat0001" x="6099" y="0" width="872" height="386" frameX="0" frameY="-10" frameWidth="872" frameHeight="396"/>
	<SubTexture name="GF Dancing Beat0002" x="6976" y="0" width="872" height="385" frameX="0" frameY="-11" frameWidth="872" frameHeight="396"/>
	<SubTexture name="GF Dancing Beat0003" x="0" y="418" width="864" height="385" frameX="-8" frameY="-11" frameWidth="872" frameHeight="396"/>
	<SubTexture name="GF Dancing Beat0004" x="869" y="418" width="864" height="387" frameX="-8" frameY="-9" frameWidth="872" frameHeight="396"/>
	<SubTexture name="GF Dancing Beat0005" x="869" y="418" width="864" height="387" frameX="-8" frameY="-9" frameWidth="872" frameHeight="396"/>
	<SubTexture name="GF Dancing Beat0006" x="1738" y="418" width="864" height="390" frameX="-8" frameY="-6" frameWidth="872" frameHeight="396"/>
	<SubTexture name="GF Dancing Beat0007" x="1738" y="418" width="864" height="390" frameX="-8" frameY="-6" frameWidth="872" frameHeight="396"/>
	<SubTexture name="GF Dancing Beat0008" x="2607" y="418" width="864" height="395" frameX="-8" frameY="-1" frameWidth="872" frameHeight="396"/>
	<SubTexture name="GF Dancing Beat0009" x="2607" y="418" width="864" height="395" frameX="-8" frameY="-1" frameWidth="872" frameHeight="396"/>
	<SubTexture name="GF Dancing Beat0010" x="2607" y="418" width="864" height="395" frameX="-8" frameY="-1" frameWidth="872" frameHeight="396"/>
	<SubTexture name="GF Dancing Beat0011" x="3476" y="418" width="864" height="396" frameX="-8" frameY="0" frameWidth="872" frameHeight="396"/>
	<SubTexture name="GF Dancing Beat0012" x="3476" y="418" width="864" height="396" frameX="-8" frameY="0" frameWidth="872" frameHeight="396"/>
	<SubTexture name="GF Dancing Beat0013" x="3476" y="418" width="864" height="396" frameX="-8" frameY="0" frameWidth="872" frameHeight="396"/>
	<SubTexture name="GF Dancing Beat0014" x="4345" y="418" width="864" height="396" frameX="-8" frameY="0" frameWidth="872" frameHeight="396"/>
	<SubTexture name="GF Dancing Beat0015" x="4345" y="418" width="864" height="396" frameX="-8" frameY="0" frameWidth="872" frameHeight="396"/>
	<SubTexture name="GF Dancing Beat0016" x="5214" y="418" width="872" height="393" frameX="0" frameY="-3" frameWidth="872" frameHeight="396"/>
	<SubTexture name="GF Dancing Beat0017" x="5214" y="418" width="872" height="393" frameX="0" frameY="-3" frameWidth="872" frameHeight="396"/>
	<SubTexture name="GF Dancing Beat0018" x="6091" y="418" width="864" height="392" frameX="-8" frameY="-4" frameWidth="872" frameHeight="396"/>
	<SubTexture name="GF Dancing Beat0019" x="6960" y="418" width="864" height="392" frameX="-8" frameY="-4" frameWidth="872" frameHeight="396"/>
	<SubTexture name="GF Dancing Beat0020" x="0" y="819" width="864" height="392" frameX="-8" frameY="-4" frameWidth="872" frameHeight="396"/>
	<SubTexture name="GF Dancing Beat0021" x="0" y="819" width="864" height="392" frameX="-8" frameY="-4" frameWidth="872" frameHeight="396"/>
	<SubTexture name="GF Dancing Beat0022" x="869" y="819" width="864" height="393" frameX="-8" frameY="-3" frameWidth="872" frameHeight="396"/>
	<SubTexture name="GF Dancing Beat0023" x="869" y="819" width="864" height="393" frameX="-8" frameY="-3" frameWidth="872" frameHeight="396"/>
	<SubTexture name="GF Dancing Beat0024" x="1738" y="819" width="864" height="395" frameX="-8" frameY="-1" frameWidth="872" frameHeight="396"/>
	<SubTexture name="GF Dancing Beat0025" x="1738" y="819" width="864" height="395" frameX="-8" frameY="-1" frameWidth="872" frameHeight="396"/>
	<SubTexture name="GF Dancing Beat0026" x="1738" y="819" width="864" height="395" frameX="-8" frameY="-1" frameWidth="872" frameHeight="396"/>
	<SubTexture name="GF Dancing Beat0027" x="2607" y="819" width="864" height="394" frameX="-8" frameY="-2" frameWidth="872" frameHeight="396"/>
	<SubTexture name="GF Dancing Beat0028" x="2607" y="819" width="864" height="394" frameX="-8" frameY="-2" frameWidth="872" frameHeight="396"/>
	<SubTexture name="GF Dancing Beat0029" x="3476" y="819" width="864" height="393" frameX="-8" frameY="-3" frameWidth="872" frameHeight="396"/>
	<SubTexture name="GF Dancing Beat Hair Landing0000" x="6960" y="1225" width="864" height="386" frameX="-8" frameY="-15" frameWidth="872" frameHeight="402"/>
	<SubTexture name="GF Dancing Beat Hair Landing0001" x="0" y="1626" width="872" height="391" frameX="0" frameY="-10" frameWidth="872" frameHeight="402"/>
	<SubTexture name="GF Dancing Beat Hair Landing0002" x="877" y="1626" width="872" height="393" frameX="0" frameY="-8" frameWidth="872" frameHeight="402"/>
	<SubTexture name="GF Dancing Beat Hair Landing0003" x="1754" y="1626" width="864" height="385" frameX="-8" frameY="-16" frameWidth="872" frameHeight="402"/>
	<SubTexture name="GF Dancing Beat Hair Landing0004" x="2623" y="1626" width="864" height="391" frameX="-8" frameY="-10" frameWidth="872" frameHeight="402"/>
	<SubTexture name="GF Dancing Beat Hair Landing0005" x="3492" y="1626" width="864" height="395" frameX="-8" frameY="-6" frameWidth="872" frameHeight="402"/>
	<SubTexture name="GF Dancing Beat Hair Landing0006" x="4345" y="819" width="864" height="390" frameX="-8" frameY="-11" frameWidth="872" frameHeight="401"/>
	<SubTexture name="GF Dancing Beat Hair Landing0007" x="5214" y="819" width="864" height="395" frameX="-8" frameY="-6" frameWidth="872" frameHeight="401"/>
	<SubTexture name="GF Dancing Beat Hair Landing0008" x="6083" y="819" width="864" height="401" frameX="-8" frameY="0" frameWidth="872" frameHeight="401"/>
	<SubTexture name="GF Dancing Beat Hair Landing0009" x="6952" y="819" width="864" height="395" frameX="-8" frameY="-6" frameWidth="872" frameHeight="401"/>
	<SubTexture name="GF Dancing Beat Hair Landing0010" x="0" y="1225" width="864" height="395" frameX="-8" frameY="-6" frameWidth="872" frameHeight="401"/>
	<SubTexture name="GF Dancing Beat Hair Landing0011" x="869" y="1225" width="864" height="396" frameX="-8" frameY="-5" frameWidth="872" frameHeight="401"/>
	<SubTexture name="GF Dancing Beat Hair Landing0012" x="869" y="1225" width="864" height="396" frameX="-8" frameY="-5" frameWidth="872" frameHeight="401"/>
	<SubTexture name="GF Dancing Beat Hair Landing0013" x="869" y="1225" width="864" height="396" frameX="-8" frameY="-5" frameWidth="872" frameHeight="401"/>
	<SubTexture name="GF Dancing Beat Hair Landing0014" x="1738" y="1225" width="872" height="396" frameX="0" frameY="-5" frameWidth="872" frameHeight="401"/>
	<SubTexture name="GF Dancing Beat Hair Landing0015" x="1738" y="1225" width="872" height="396" frameX="0" frameY="-5" frameWidth="872" frameHeight="401"/>
	<SubTexture name="GF Dancing Beat Hair Landing0016" x="2615" y="1225" width="864" height="393" frameX="-8" frameY="-8" frameWidth="872" frameHeight="401"/>
	<SubTexture name="GF Dancing Beat Hair Landing0017" x="3484" y="1225" width="864" height="393" frameX="-8" frameY="-8" frameWidth="872" frameHeight="401"/>
	<SubTexture name="GF Dancing Beat Hair Landing0018" x="6960" y="418" width="864" height="392" frameX="-8" frameY="-9" frameWidth="872" frameHeight="396"/>
	<SubTexture name="GF Dancing Beat Hair Landing0019" x="6960" y="418" width="864" height="392" frameX="-8" frameY="-9" frameWidth="872" frameHeight="396"/>
	<SubTexture name="GF Dancing Beat Hair Landing0020" x="0" y="819" width="864" height="392" frameX="-8" frameY="-9" frameWidth="872" frameHeight="396"/>
	<SubTexture name="GF Dancing Beat Hair Landing0021" x="0" y="819" width="864" height="392" frameX="-8" frameY="-9" frameWidth="872" frameHeight="396"/>
	<SubTexture name="GF Dancing Beat Hair Landing0022" x="4353" y="1225" width="864" height="393" frameX="-8" frameY="-8" frameWidth="872" frameHeight="401"/>
	<SubTexture name="GF Dancing Beat Hair Landing0023" x="4353" y="1225" width="864" height="393" frameX="-8" frameY="-8" frameWidth="872" frameHeight="401"/>
	<SubTexture name="GF Dancing Beat Hair Landing0024" x="5222" y="1225" width="864" height="395" frameX="-8" frameY="-6" frameWidth="872" frameHeight="401"/>
	<SubTexture name="GF Dancing Beat Hair Landing0025" x="5222" y="1225" width="864" height="395" frameX="-8" frameY="-6" frameWidth="872" frameHeight="401"/>
	<SubTexture name="GF Dancing Beat Hair Landing0026" x="5222" y="1225" width="864" height="395" frameX="-8" frameY="-6" frameWidth="872" frameHeight="401"/>
	<SubTexture name="GF Dancing Beat Hair Landing0027" x="6091" y="1225" width="864" height="394" frameX="-8" frameY="-7" frameWidth="872" frameHeight="401"/>
	<SubTexture name="GF Dancing Beat Hair Landing0028" x="6091" y="1225" width="864" height="394" frameX="-8" frameY="-7" frameWidth="872" frameHeight="401"/>
	<SubTexture name="GF Dancing Beat Hair Landing0029" x="3476" y="819" width="864" height="393" frameX="-8" frameY="-8" frameWidth="872" frameHeight="396"/>
	<SubTexture name="GF Dancing Beat Hair blowing0000" x="6960" y="1225" width="864" height="386" frameX="-8" frameY="-16" frameWidth="872" frameHeight="402"/>
	<SubTexture name="GF Dancing Beat Hair blowing0001" x="0" y="1626" width="872" height="391" frameX="0" frameY="-11" frameWidth="872" frameHeight="402"/>
	<SubTexture name="GF Dancing Beat Hair blowing0002" x="877" y="1626" width="872" height="393" frameX="0" frameY="-9" frameWidth="872" frameHeight="402"/>
	<SubTexture name="GF Dancing Beat Hair blowing0003" x="1754" y="1626" width="864" height="385" frameX="-8" frameY="-17" frameWidth="872" frameHeight="402"/>
	<SubTexture name="GF Dancing Beat Hair blowing0004" x="2623" y="1626" width="864" height="391" frameX="-8" frameY="-11" frameWidth="872" frameHeight="402"/>
	<SubTexture name="GF Dancing Beat Hair blowing0005" x="3492" y="1626" width="864" height="395" frameX="-8" frameY="-7" frameWidth="872" frameHeight="402"/>
	<SubTexture name="GF Dancing Beat Hair blowing0006" x="4361" y="1626" width="864" height="390" frameX="-8" frameY="-12" frameWidth="872" frameHeight="402"/>
	<SubTexture name="GF Dancing Beat Hair blowing0007" x="5230" y="1626" width="864" height="395" frameX="-8" frameY="-7" frameWidth="872" frameHeight="402"/>
	<SubTexture name="GF Dancing Beat Hair blowing0008" x="6099" y="1626" width="864" height="401" frameX="-8" frameY="-1" frameWidth="872" frameHeight="402"/>
	<SubTexture name="GF Dancing Beat Hair blowing0009" x="6968" y="1626" width="864" height="395" frameX="-8" frameY="-7" frameWidth="872" frameHeight="402"/>
	<SubTexture name="GF Dancing Beat Hair blowing0010" x="0" y="2032" width="864" height="401" frameX="-8" frameY="-1" frameWidth="872" frameHeight="402"/>
	<SubTexture name="GF Dancing Beat Hair blowing0011" x="869" y="2032" width="864" height="396" frameX="-8" frameY="-6" frameWidth="872" frameHeight="402"/>
	<SubTexture name="GF Dancing Beat Hair blowing0012" x="1738" y="2032" width="864" height="402" frameX="-8" frameY="0" frameWidth="872" frameHeight="402"/>
	<SubTexture name="GF Dancing Beat Hair blowing0013" x="2607" y="2032" width="864" height="401" frameX="-8" frameY="-1" frameWidth="872" frameHeight="402"/>
	<SubTexture name="GF Dancing Beat Hair blowing0014" x="3476" y="2032" width="864" height="396" frameX="-8" frameY="-6" frameWidth="872" frameHeight="402"/>
	<SubTexture name="GF Dancing Beat Hair blowing0015" x="4345" y="2032" width="864" height="402" frameX="-8" frameY="0" frameWidth="872" frameHeight="402"/>
	<SubTexture name="GF Dancing Beat Hair blowing0016" x="5214" y="2032" width="864" height="401" frameX="-8" frameY="-1" frameWidth="872" frameHeight="402"/>
	<SubTexture name="GF Dancing Beat Hair blowing0017" x="3476" y="2032" width="864" height="396" frameX="-8" frameY="-6" frameWidth="872" frameHeight="402"/>
	<SubTexture name="GF Dancing Beat Hair blowing0018" x="4345" y="2032" width="864" height="402" frameX="-8" frameY="0" frameWidth="872" frameHeight="402"/>
	<SubTexture name="GF Down Note0000" x="6083" y="2032" width="872" height="391" frameX="0" frameY="-4" frameWidth="872" frameHeight="395"/>
	<SubTexture name="GF Down Note0001" x="6083" y="2032" width="872" height="391" frameX="0" frameY="-4" frameWidth="872" frameHeight="395"/>
	<SubTexture name="GF Down Note0002" x="6960" y="2032" width="864" height="395" frameX="-8" frameY="0" frameWidth="872" frameHeight="395"/>
	<SubTexture name="GF Down Note0003" x="0" y="2439" width="864" height="395" frameX="-8" frameY="0" frameWidth="872" frameHeight="395"/>
	<SubTexture name="GF Down Note0004" x="869" y="2439" width="864" height="395" frameX="-8" frameY="0" frameWidth="872" frameHeight="395"/>
	<SubTexture name="GF Down Note0005" x="869" y="2439" width="864" height="395" frameX="-8" frameY="0" frameWidth="872" frameHeight="395"/>
	<SubTexture name="GF Down Note0006" x="1738" y="2439" width="864" height="395" frameX="-8" frameY="0" frameWidth="872" frameHeight="395"/>
	<SubTexture name="GF Down Note0007" x="1738" y="2439" width="864" height="395" frameX="-8" frameY="0" frameWidth="872" frameHeight="395"/>
	<SubTexture name="GF Down Note0008" x="1738" y="2439" width="864" height="395" frameX="-8" frameY="0" frameWidth="872" frameHeight="395"/>
	<SubTexture name="GF Down Note0009" x="1738" y="2439" width="864" height="395" frameX="-8" frameY="0" frameWidth="872" frameHeight="395"/>
	<SubTexture name="GF Down Note0010" x="1738" y="2439" width="864" height="395" frameX="-8" frameY="0" frameWidth="872" frameHeight="395"/>
	<SubTexture name="GF Down Note0011" x="1738" y="2439" width="864" height="395" frameX="-8" frameY="0" frameWidth="872" frameHeight="395"/>
	<SubTexture name="GF Down Note0012" x="1738" y="2439" width="864" height="395" frameX="-8" frameY="0" frameWidth="872" frameHeight="395"/>
	<SubTexture name="GF Down Note0013" x="1738" y="2439" width="864" height="395" frameX="-8" frameY="0" frameWidth="872" frameHeight="395"/>
	<SubTexture name="GF Down Note0014" x="1738" y="2439" width="864" height="395" frameX="-8" frameY="0" frameWidth="872" frameHeight="395"/>
	<SubTexture name="GF FEAR0000" x="2607" y="2439" width="864" height="386" frameX="0" frameY="-3" frameWidth="864" frameHeight="389"/>
	<SubTexture name="GF FEAR0001" x="2607" y="2439" width="864" height="386" frameX="0" frameY="-3" frameWidth="864" frameHeight="389"/>
	<SubTexture name="GF FEAR0002" x="3476" y="2439" width="864" height="389"/>
	<SubTexture name="GF FEAR0003" x="3476" y="2439" width="864" height="389"/>
	<SubTexture name="GF FEAR0004" x="4345" y="2439" width="864" height="389"/>
	<SubTexture name="GF FEAR0005" x="5214" y="2439" width="864" height="389"/>
	<SubTexture name="GF FEAR0006" x="4345" y="2439" width="864" height="389"/>
	<SubTexture name="GF FEAR0007" x="4345" y="2439" width="864" height="389"/>
	<SubTexture name="GF FEAR0008" x="4345" y="2439" width="864" height="389"/>
	<SubTexture name="GF FEAR0009" x="4345" y="2439" width="864" height="389"/>
	<SubTexture name="GF FEAR0010" x="4345" y="2439" width="864" height="389"/>
	<SubTexture name="GF FEAR0011" x="4345" y="2439" width="864" height="389"/>
	<SubTexture name="GF FEAR0012" x="4345" y="2439" width="864" height="389"/>
	<SubTexture name="GF FEAR0013" x="4345" y="2439" width="864" height="389"/>
	<SubTexture name="GF FEAR0014" x="4345" y="2439" width="864" height="389"/>
	<SubTexture name="GF FEAR0015" x="4345" y="2439" width="864" height="389"/>
	<SubTexture name="GF FEAR0016" x="4345" y="2439" width="864" height="389"/>
	<SubTexture name="GF FEAR0017" x="4345" y="2439" width="864" height="389"/>
	<SubTexture name="GF FEAR0018" x="4345" y="2439" width="864" height="389"/>
	<SubTexture name="GF Right Note0000" x="6083" y="2439" width="872" height="402" frameX="0" frameY="-1" frameWidth="872" frameHeight="403"/>
	<SubTexture name="GF Right Note0001" x="6083" y="2439" width="872" height="402" frameX="0" frameY="-1" frameWidth="872" frameHeight="403"/>
	<SubTexture name="GF Right Note0002" x="6960" y="2439" width="864" height="403" frameX="-8" frameY="0" frameWidth="872" frameHeight="403"/>
	<SubTexture name="GF Right Note0003" x="0" y="2847" width="864" height="403" frameX="-8" frameY="0" frameWidth="872" frameHeight="403"/>
	<SubTexture name="GF Right Note0004" x="869" y="2847" width="864" height="403" frameX="-8" frameY="0" frameWidth="872" frameHeight="403"/>
	<SubTexture name="GF Right Note0005" x="869" y="2847" width="864" height="403" frameX="-8" frameY="0" frameWidth="872" frameHeight="403"/>
	<SubTexture name="GF Right Note0006" x="1738" y="2847" width="864" height="403" frameX="-8" frameY="0" frameWidth="872" frameHeight="403"/>
	<SubTexture name="GF Right Note0007" x="1738" y="2847" width="864" height="403" frameX="-8" frameY="0" frameWidth="872" frameHeight="403"/>
	<SubTexture name="GF Right Note0008" x="1738" y="2847" width="864" height="403" frameX="-8" frameY="0" frameWidth="872" frameHeight="403"/>
	<SubTexture name="GF Right Note0009" x="1738" y="2847" width="864" height="403" frameX="-8" frameY="0" frameWidth="872" frameHeight="403"/>
	<SubTexture name="GF Right Note0010" x="1738" y="2847" width="864" height="403" frameX="-8" frameY="0" frameWidth="872" frameHeight="403"/>
	<SubTexture name="GF Right Note0011" x="1738" y="2847" width="864" height="403" frameX="-8" frameY="0" frameWidth="872" frameHeight="403"/>
	<SubTexture name="GF Right Note0012" x="1738" y="2847" width="864" height="403" frameX="-8" frameY="0" frameWidth="872" frameHeight="403"/>
	<SubTexture name="GF Right Note0013" x="1738" y="2847" width="864" height="403" frameX="-8" frameY="0" frameWidth="872" frameHeight="403"/>
	<SubTexture name="GF Right Note0014" x="1738" y="2847" width="864" height="403" frameX="-8" frameY="0" frameWidth="872" frameHeight="403"/>
	<SubTexture name="GF Up Note0000" x="2607" y="2847" width="872" height="417"/>
	<SubTexture name="GF Up Note0001" x="2607" y="2847" width="872" height="417"/>
	<SubTexture name="GF Up Note0002" x="3484" y="2847" width="864" height="413" frameX="-8" frameY="-4" frameWidth="872" frameHeight="417"/>
	<SubTexture name="GF Up Note0003" x="4353" y="2847" width="864" height="413" frameX="-8" frameY="-4" frameWidth="872" frameHeight="417"/>
	<SubTexture name="GF Up Note0004" x="5222" y="2847" width="864" height="413" frameX="-8" frameY="-4" frameWidth="872" frameHeight="417"/>
	<SubTexture name="GF Up Note0005" x="5222" y="2847" width="864" height="413" frameX="-8" frameY="-4" frameWidth="872" frameHeight="417"/>
	<SubTexture name="GF Up Note0006" x="5222" y="2847" width="864" height="413" frameX="-8" frameY="-4" frameWidth="872" frameHeight="417"/>
	<SubTexture name="GF Up Note0007" x="5222" y="2847" width="864" height="413" frameX="-8" frameY="-4" frameWidth="872" frameHeight="417"/>
	<SubTexture name="GF Up Note0008" x="5222" y="2847" width="864" height="413" frameX="-8" frameY="-4" frameWidth="872" frameHeight="417"/>
	<SubTexture name="GF Up Note0009" x="5222" y="2847" width="864" height="413" frameX="-8" frameY="-4" frameWidth="872" frameHeight="417"/>
	<SubTexture name="GF Up Note0010" x="5222" y="2847" width="864" height="413" frameX="-8" frameY="-4" frameWidth="872" frameHeight="417"/>
	<SubTexture name="GF Up Note0011" x="5222" y="2847" width="864" height="413" frameX="-8" frameY="-4" frameWidth="872" frameHeight="417"/>
	<SubTexture name="GF Up Note0012" x="5222" y="2847" width="864" height="413" frameX="-8" frameY="-4" frameWidth="872" frameHeight="417"/>
	<SubTexture name="GF Up Note0013" x="5222" y="2847" width="864" height="413" frameX="-8" frameY="-4" frameWidth="872" frameHeight="417"/>
	<SubTexture name="GF Up Note0014" x="5222" y="2847" width="864" height="413" frameX="-8" frameY="-4" frameWidth="872" frameHeight="417"/>
	<SubTexture name="GF left note0000" x="6091" y="2847" width="872" height="403" frameX="0" frameY="-3" frameWidth="872" frameHeight="406"/>
	<SubTexture name="GF left note0001" x="6091" y="2847" width="872" height="403" frameX="0" frameY="-3" frameWidth="872" frameHeight="406"/>
	<SubTexture name="GF left note0002" x="6968" y="2847" width="864" height="406" frameX="-8" frameY="0" frameWidth="872" frameHeight="406"/>
	<SubTexture name="GF left note0003" x="0" y="3269" width="864" height="406" frameX="-8" frameY="0" frameWidth="872" frameHeight="406"/>
	<SubTexture name="GF left note0004" x="869" y="3269" width="864" height="406" frameX="-8" frameY="0" frameWidth="872" frameHeight="406"/>
	<SubTexture name="GF left note0005" x="869" y="3269" width="864" height="406" frameX="-8" frameY="0" frameWidth="872" frameHeight="406"/>
	<SubTexture name="GF left note0006" x="869" y="3269" width="864" height="406" frameX="-8" frameY="0" frameWidth="872" frameHeight="406"/>
	<SubTexture name="GF left note0007" x="869" y="3269" width="864" height="406" frameX="-8" frameY="0" frameWidth="872" frameHeight="406"/>
	<SubTexture name="GF left note0008" x="869" y="3269" width="864" height="406" frameX="-8" frameY="0" frameWidth="872" frameHeight="406"/>
	<SubTexture name="GF left note0009" x="869" y="3269" width="864" height="406" frameX="-8" frameY="0" frameWidth="872" frameHeight="406"/>
	<SubTexture name="GF left note0010" x="869" y="3269" width="864" height="406" frameX="-8" frameY="0" frameWidth="872" frameHeight="406"/>
	<SubTexture name="GF left note0011" x="869" y="3269" width="864" height="406" frameX="-8" frameY="0" frameWidth="872" frameHeight="406"/>
	<SubTexture name="GF left note0012" x="869" y="3269" width="864" height="406" frameX="-8" frameY="0" frameWidth="872" frameHeight="406"/>
	<SubTexture name="GF left note0013" x="869" y="3269" width="864" height="406" frameX="-8" frameY="0" frameWidth="872" frameHeight="406"/>
	<SubTexture name="GF left note0014" x="869" y="3269" width="864" height="406" frameX="-8" frameY="0" frameWidth="872" frameHeight="406"/>
	<SubTexture name="gf sad0000" x="1738" y="3269" width="864" height="384" frameX="-8" frameY="-3" frameWidth="872" frameHeight="387"/>
	<SubTexture name="gf sad0001" x="2607" y="3269" width="872" height="384" frameX="0" frameY="-3" frameWidth="872" frameHeight="387"/>
	<SubTexture name="gf sad0002" x="3484" y="3269" width="864" height="387" frameX="-8" frameY="0" frameWidth="872" frameHeight="387"/>
	<SubTexture name="gf sad0003" x="4353" y="3269" width="864" height="386" frameX="-8" frameY="-1" frameWidth="872" frameHeight="387"/>
	<SubTexture name="gf sad0004" x="4353" y="3269" width="864" height="386" frameX="-8" frameY="-1" frameWidth="872" frameHeight="387"/>
	<SubTexture name="gf sad0005" x="4353" y="3269" width="864" height="386" frameX="-8" frameY="-1" frameWidth="872" frameHeight="387"/>
	<SubTexture name="gf sad0006" x="5222" y="3269" width="864" height="386" frameX="-8" frameY="-1" frameWidth="872" frameHeight="387"/>
	<SubTexture name="gf sad0007" x="5222" y="3269" width="864" height="386" frameX="-8" frameY="-1" frameWidth="872" frameHeight="387"/>
	<SubTexture name="gf sad0008" x="5222" y="3269" width="864" height="386" frameX="-8" frameY="-1" frameWidth="872" frameHeight="387"/>
	<SubTexture name="gf sad0009" x="6091" y="3269" width="864" height="386" frameX="-8" frameY="-1" frameWidth="872" frameHeight="387"/>
	<SubTexture name="gf sad0010" x="6091" y="3269" width="864" height="386" frameX="-8" frameY="-1" frameWidth="872" frameHeight="387"/>
	<SubTexture name="gf sad0011" x="6091" y="3269" width="864" height="386" frameX="-8" frameY="-1" frameWidth="872" frameHeight="387"/>
	<SubTexture name="gf sad0012" x="4353" y="3269" width="864" height="386" frameX="-8" frameY="-1" frameWidth="872" frameHeight="387"/>
	<SubTexture name="gf sad0013" x="4353" y="3269" width="864" height="386" frameX="-8" frameY="-1" frameWidth="872" frameHeight="387"/>
	<SubTexture name="gf sad0014" x="4353" y="3269" width="864" height="386" frameX="-8" frameY="-1" frameWidth="872" frameHeight="387"/>
	<SubTexture name="gf sad0015" x="5222" y="3269" width="864" height="386" frameX="-8" frameY="-1" frameWidth="872" frameHeight="387"/>
	<SubTexture name="gf sad0016" x="5222" y="3269" width="864" height="386" frameX="-8" frameY="-1" frameWidth="872" frameHeight="387"/>
	<SubTexture name="gf sad0017" x="5222" y="3269" width="864" height="386" frameX="-8" frameY="-1" frameWidth="872" frameHeight="387"/>
	<SubTexture name="gf sad0018" x="6091" y="3269" width="864" height="386" frameX="-8" frameY="-1" frameWidth="872" frameHeight="387"/>
	<SubTexture name="gf sad0019" x="6091" y="3269" width="864" height="386" frameX="-8" frameY="-1" frameWidth="872" frameHeight="387"/>
	<SubTexture name="gf sad0020" x="6091" y="3269" width="864" height="386" frameX="-8" frameY="-1" frameWidth="872" frameHeight="387"/>
	<SubTexture name="gf sad0021" x="4353" y="3269" width="864" height="386" frameX="-8" frameY="-1" frameWidth="872" frameHeight="387"/>
	<SubTexture name="gf sad0022" x="4353" y="3269" width="864" height="386" frameX="-8" frameY="-1" frameWidth="872" frameHeight="387"/>
	<SubTexture name="gf sad0023" x="4353" y="3269" width="864" height="386" frameX="-8" frameY="-1" frameWidth="872" frameHeight="387"/>
	<SubTexture name="gf sad0024" x="5222" y="3269" width="864" height="386" frameX="-8" frameY="-1" frameWidth="872" frameHeight="387"/>
	<SubTexture name="gf sad0025" x="5222" y="3269" width="864" height="386" frameX="-8" frameY="-1" frameWidth="872" frameHeight="387"/>
	<SubTexture name="gf sad0026" x="5222" y="3269" width="864" height="386" frameX="-8" frameY="-1" frameWidth="872" frameHeight="387"/>
	<SubTexture name="gf sad0027" x="4353" y="3269" width="864" height="386" frameX="-8" frameY="-1" frameWidth="872" frameHeight="387"/>
	<SubTexture name="gf sad0028" x="4353" y="3269" width="864" height="386" frameX="-8" frameY="-1" frameWidth="872" frameHeight="387"/>
	<SubTexture name="gf sad0029" x="4353" y="3269" width="864" height="386" frameX="-8" frameY="-1" frameWidth="872" frameHeight="387"/>
</TextureAtlas>
