﻿<?xml version="1.0" encoding="utf-8"?>
<TextureAtlas imagePath="Rokusho_Car_Assets.png">
	<!-- Created with Adobe Animate version 20.5.0.29329 -->
	<!-- http://www.adobe.com/products/animate.html -->
	<SubTexture name="soft_pico hair blow CAR0000" x="0" y="0" width="864" height="386" frameX="-8" frameY="-21" frameWidth="872" frameHeight="407"/>
	<SubTexture name="soft_pico hair blow CAR0001" x="869" y="0" width="872" height="391" frameX="0" frameY="-16" frameWidth="872" frameHeight="407"/>
	<SubTexture name="soft_pico hair blow CAR0002" x="1746" y="0" width="872" height="398" frameX="0" frameY="-9" frameWidth="872" frameHeight="407"/>
	<SubTexture name="soft_pico hair blow CAR0003" x="2623" y="0" width="864" height="390" frameX="-8" frameY="-17" frameWidth="872" frameHeight="407"/>
	<SubTexture name="soft_pico hair blow CAR0004" x="0" y="403" width="864" height="397" frameX="-8" frameY="-10" frameWidth="872" frameHeight="407"/>
	<SubTexture name="soft_pico hair blow CAR0005" x="869" y="403" width="864" height="400" frameX="-8" frameY="-7" frameWidth="872" frameHeight="407"/>
	<SubTexture name="soft_pico hair blow CAR0006" x="1738" y="403" width="864" height="401" frameX="-8" frameY="-6" frameWidth="872" frameHeight="407"/>
	<SubTexture name="soft_pico hair blow CAR0007" x="2607" y="403" width="864" height="401" frameX="-8" frameY="-6" frameWidth="872" frameHeight="407"/>
	<SubTexture name="soft_pico hair blow CAR0008" x="0" y="809" width="864" height="407" frameX="-8" frameY="0" frameWidth="872" frameHeight="407"/>
	<SubTexture name="soft_pico hair blow CAR0009" x="869" y="809" width="864" height="406" frameX="-8" frameY="-1" frameWidth="872" frameHeight="407"/>
	<SubTexture name="soft_pico hair blow CAR0010" x="1738" y="809" width="864" height="406" frameX="-8" frameY="-1" frameWidth="872" frameHeight="407"/>
	<SubTexture name="soft_pico hair blow CAR0011" x="2607" y="809" width="864" height="401" frameX="-8" frameY="-6" frameWidth="872" frameHeight="407"/>
	<SubTexture name="soft_pico hair blow CAR0012" x="0" y="1221" width="864" height="406" frameX="-8" frameY="-1" frameWidth="872" frameHeight="407"/>
	<SubTexture name="soft_pico hair blow CAR0013" x="1738" y="809" width="864" height="406" frameX="-8" frameY="-1" frameWidth="872" frameHeight="407"/>
	<SubTexture name="soft_pico hair blow CAR0014" x="2607" y="809" width="864" height="401" frameX="-8" frameY="-6" frameWidth="872" frameHeight="407"/>
	<SubTexture name="soft_pico hair blow CAR0015" x="869" y="1221" width="864" height="404" frameX="-8" frameY="-3" frameWidth="872" frameHeight="407"/>
	<SubTexture name="soft_pico hair blow CAR0016" x="1738" y="1221" width="872" height="402" frameX="0" frameY="-5" frameWidth="872" frameHeight="407"/>
	<SubTexture name="soft_pico hair blow CAR0017" x="2615" y="1221" width="872" height="397" frameX="0" frameY="-10" frameWidth="872" frameHeight="407"/>
	<SubTexture name="soft_pico hair blow CAR0018" x="0" y="1632" width="864" height="403" frameX="-8" frameY="-4" frameWidth="872" frameHeight="407"/>
	<SubTexture name="soft_pico hair blow CAR0019" x="869" y="1632" width="864" height="402" frameX="-8" frameY="-5" frameWidth="872" frameHeight="407"/>
	<SubTexture name="soft_pico hair blow CAR0020" x="1738" y="1632" width="864" height="398" frameX="-8" frameY="-9" frameWidth="872" frameHeight="407"/>
	<SubTexture name="soft_pico hair blow CAR0021" x="2607" y="1632" width="864" height="405" frameX="-8" frameY="-2" frameWidth="872" frameHeight="407"/>
	<SubTexture name="soft_pico hair blow CAR0022" x="0" y="2042" width="864" height="401" frameX="-8" frameY="-6" frameWidth="872" frameHeight="407"/>
	<SubTexture name="soft_pico hair blow CAR0023" x="869" y="2042" width="864" height="407" frameX="-8" frameY="0" frameWidth="872" frameHeight="407"/>
	<SubTexture name="soft_pico hair blow CAR0024" x="1738" y="2042" width="864" height="407" frameX="-8" frameY="0" frameWidth="872" frameHeight="407"/>
	<SubTexture name="soft_pico hair blow CAR0025" x="2607" y="2042" width="864" height="406" frameX="-8" frameY="-1" frameWidth="872" frameHeight="407"/>
	<SubTexture name="soft_pico hair blow CAR0026" x="0" y="2454" width="864" height="406" frameX="-8" frameY="-1" frameWidth="872" frameHeight="407"/>
	<SubTexture name="soft_pico hair blow CAR0027" x="869" y="2454" width="864" height="401" frameX="-8" frameY="-6" frameWidth="872" frameHeight="407"/>
	<SubTexture name="soft_pico hair blow CAR0028" x="1738" y="2454" width="864" height="401" frameX="-8" frameY="-6" frameWidth="872" frameHeight="407"/>
	<SubTexture name="soft_pico hair blow CAR0029" x="2607" y="2454" width="864" height="407" frameX="-8" frameY="0" frameWidth="872" frameHeight="407"/>
</TextureAtlas>
