﻿<?xml version="1.0" encoding="utf-8"?>
<TextureAtlas imagePath="Rokusho_Xmas_Assets.png">
	<!-- Created with Adobe Animate version 20.5.0.29329 -->
	<!-- http://www.adobe.com/products/animate.html -->
	<SubTexture name="GF Dancing Beat0000" x="0" y="0" width="885" height="399" frameX="-14" frameY="-7" frameWidth="899" frameHeight="406"/>
	<SubTexture name="GF Dancing Beat0001" x="890" y="0" width="899" height="399" frameX="0" frameY="-7" frameWidth="899" frameHeight="406"/>
	<SubTexture name="GF Dancing Beat0002" x="1794" y="0" width="899" height="398" frameX="0" frameY="-8" frameWidth="899" frameHeight="406"/>
	<SubTexture name="GF Dancing Beat0003" x="2698" y="0" width="885" height="398" frameX="-14" frameY="-8" frameWidth="899" frameHeight="406"/>
	<SubTexture name="GF Dancing Beat0004" x="0" y="404" width="885" height="400" frameX="-14" frameY="-6" frameWidth="899" frameHeight="406"/>
	<SubTexture name="GF Dancing Beat0005" x="890" y="404" width="885" height="400" frameX="-14" frameY="-6" frameWidth="899" frameHeight="406"/>
	<SubTexture name="GF Dancing Beat0006" x="1780" y="404" width="885" height="403" frameX="-14" frameY="-3" frameWidth="899" frameHeight="406"/>
	<SubTexture name="GF Dancing Beat0007" x="1780" y="404" width="885" height="403" frameX="-14" frameY="-3" frameWidth="899" frameHeight="406"/>
	<SubTexture name="GF Dancing Beat0008" x="2670" y="404" width="885" height="406" frameX="-14" frameY="0" frameWidth="899" frameHeight="406"/>
	<SubTexture name="GF Dancing Beat0009" x="2670" y="404" width="885" height="406" frameX="-14" frameY="0" frameWidth="899" frameHeight="406"/>
	<SubTexture name="GF Dancing Beat0010" x="2670" y="404" width="885" height="406" frameX="-14" frameY="0" frameWidth="899" frameHeight="406"/>
	<SubTexture name="GF Dancing Beat0011" x="0" y="815" width="885" height="406" frameX="-14" frameY="0" frameWidth="899" frameHeight="406"/>
	<SubTexture name="GF Dancing Beat0012" x="0" y="815" width="885" height="406" frameX="-14" frameY="0" frameWidth="899" frameHeight="406"/>
	<SubTexture name="GF Dancing Beat0013" x="0" y="815" width="885" height="406" frameX="-14" frameY="0" frameWidth="899" frameHeight="406"/>
	<SubTexture name="GF Dancing Beat0014" x="890" y="815" width="885" height="406" frameX="-14" frameY="0" frameWidth="899" frameHeight="406"/>
	<SubTexture name="GF Dancing Beat0015" x="890" y="815" width="885" height="406" frameX="-14" frameY="0" frameWidth="899" frameHeight="406"/>
	<SubTexture name="GF Dancing Beat0016" x="1780" y="815" width="899" height="399" frameX="0" frameY="-7" frameWidth="899" frameHeight="406"/>
	<SubTexture name="GF Dancing Beat0017" x="1780" y="815" width="899" height="399" frameX="0" frameY="-7" frameWidth="899" frameHeight="406"/>
	<SubTexture name="GF Dancing Beat0018" x="2684" y="815" width="885" height="397" frameX="-14" frameY="-9" frameWidth="899" frameHeight="406"/>
	<SubTexture name="GF Dancing Beat0019" x="0" y="1226" width="885" height="397" frameX="-14" frameY="-9" frameWidth="899" frameHeight="406"/>
	<SubTexture name="GF Dancing Beat0020" x="890" y="1226" width="885" height="398" frameX="-14" frameY="-8" frameWidth="899" frameHeight="406"/>
	<SubTexture name="GF Dancing Beat0021" x="890" y="1226" width="885" height="398" frameX="-14" frameY="-8" frameWidth="899" frameHeight="406"/>
	<SubTexture name="GF Dancing Beat0022" x="1780" y="1226" width="885" height="401" frameX="-14" frameY="-5" frameWidth="899" frameHeight="406"/>
	<SubTexture name="GF Dancing Beat0023" x="1780" y="1226" width="885" height="401" frameX="-14" frameY="-5" frameWidth="899" frameHeight="406"/>
	<SubTexture name="GF Dancing Beat0024" x="2670" y="1226" width="885" height="405" frameX="-14" frameY="-1" frameWidth="899" frameHeight="406"/>
	<SubTexture name="GF Dancing Beat0025" x="2670" y="1226" width="885" height="405" frameX="-14" frameY="-1" frameWidth="899" frameHeight="406"/>
	<SubTexture name="GF Dancing Beat0026" x="2670" y="1226" width="885" height="405" frameX="-14" frameY="-1" frameWidth="899" frameHeight="406"/>
	<SubTexture name="GF Dancing Beat0027" x="0" y="1636" width="885" height="404" frameX="-14" frameY="-2" frameWidth="899" frameHeight="406"/>
	<SubTexture name="GF Dancing Beat0028" x="0" y="1636" width="885" height="404" frameX="-14" frameY="-2" frameWidth="899" frameHeight="406"/>
	<SubTexture name="GF Dancing Beat0029" x="890" y="1636" width="885" height="404" frameX="-14" frameY="-2" frameWidth="899" frameHeight="406"/>
</TextureAtlas>
